{
  "version": "v0.1",
  "method": "per_pair_offset",
  "metadata": {
    "n_judges": 3,
    "n_generators": 4
  },
  "offsets": {
    "deepseek-chat-judge": {
      "deepseek-chat": 0.37254901960784315,
      "doubao-pro-32k": -0.08,
      "glm-4-plus": -0.22448979591836735,
      "qwen-max": -0.1836734693877551
    },
    "glm-4-plus-judge": {
      "deepseek-chat": 0.35294117647058826,
      "doubao-pro-32k": 0.28,
      "glm-4-plus": 0.12244897959183673,
      "qwen-max": 0.16326530612244897
    },
    "qwen-max-judge": {
      "deepseek-chat": 0.0196078431372549,
      "doubao-pro-32k": -0.22,
      "glm-4-plus": -0.22448979591836735,
      "qwen-max": -0.02040816326530612
    }
  }
}