{
  "version": "v0.2",
  "n_judgments": 832,
  "anchor_judge": "kimi-anchor-judge",
  "judges": [
    "deepseek-chat-judge",
    "glm-4-plus-judge",
    "qwen-max-judge"
  ],
  "generators": [
    "deepseek-chat",
    "doubao-pro-32k",
    "glm-4-plus",
    "qwen-max"
  ],
  "bias_matrix": {
    "judges": [
      "deepseek-chat-judge",
      "glm-4-plus-judge",
      "qwen-max-judge"
    ],
    "generators": [
      "deepseek-chat",
      "doubao-pro-32k",
      "glm-4-plus",
      "qwen-max"
    ],
    "mean_bias": {
      "deepseek-chat-judge": {
        "deepseek-chat": 0.37254901960784315,
        "doubao-pro-32k": -0.08,
        "glm-4-plus": -0.22448979591836735,
        "qwen-max": -0.1836734693877551
      },
      "glm-4-plus-judge": {
        "deepseek-chat": 0.35294117647058826,
        "doubao-pro-32k": 0.28,
        "glm-4-plus": 0.12244897959183673,
        "qwen-max": 0.16326530612244897
      },
      "qwen-max-judge": {
        "deepseek-chat": 0.0196078431372549,
        "doubao-pro-32k": -0.22,
        "glm-4-plus": -0.22448979591836735,
        "qwen-max": -0.02040816326530612
      }
    },
    "std_bias": {
      "deepseek-chat-judge": {
        "deepseek-chat": 1.1709018530849893,
        "doubao-pro-32k": 0.9967948635501691,
        "glm-4-plus": 1.1114488819747022,
        "qwen-max": 0.9405484589226867
      },
      "glm-4-plus-judge": {
        "deepseek-chat": 1.151700012203013,
        "doubao-pro-32k": 0.4915282290977803,
        "glm-4-plus": 0.6890588986177197,
        "qwen-max": 0.5089781189118338
      },
      "qwen-max-judge": {
        "deepseek-chat": 1.075396800062909,
        "doubao-pro-32k": 0.7011419257183242,
        "glm-4-plus": 0.7630579222791803,
        "qwen-max": 0.6223653339582411
      }
    },
    "n": {
      "deepseek-chat-judge": {
        "deepseek-chat": 51,
        "doubao-pro-32k": 50,
        "glm-4-plus": 49,
        "qwen-max": 49
      },
      "glm-4-plus-judge": {
        "deepseek-chat": 51,
        "doubao-pro-32k": 50,
        "glm-4-plus": 49,
        "qwen-max": 49
      },
      "qwen-max-judge": {
        "deepseek-chat": 51,
        "doubao-pro-32k": 50,
        "glm-4-plus": 49,
        "qwen-max": 49
      }
    },
    "rank_corr": {
      "deepseek-chat-judge": 0.39999999999999997,
      "glm-4-plus-judge": 0.7999999999999999,
      "qwen-max-judge": 0.7999999999999999
    },
    "self_pref_lift": {
      "deepseek-chat-judge": 0.5352701080432173,
      "glm-4-plus-judge": -0.14295318127250903,
      "qwen-max-judge": 0.12121915432839803
    }
  },
  "calibrated_mae": {
    "deepseek-chat-judge": {
      "deepseek-chat": {
        "mae_before": 0.6470588235294118,
        "mae_after": 0.7420222991157249,
        "n": 51
      },
      "doubao-pro-32k": {
        "mae_before": 0.72,
        "mae_after": 0.7216,
        "n": 50
      },
      "glm-4-plus": {
        "mae_before": 0.673469387755102,
        "mae_after": 0.6826322365680967,
        "n": 49
      },
      "qwen-max": {
        "mae_before": 0.5102040816326531,
        "mae_after": 0.5289462723865058,
        "n": 49
      }
    },
    "glm-4-plus-judge": {
      "deepseek-chat": {
        "mae_before": 0.5098039215686274,
        "mae_after": 0.641291810841984,
        "n": 51
      },
      "doubao-pro-32k": {
        "mae_before": 0.32,
        "mae_after": 0.4319999999999997,
        "n": 50
      },
      "glm-4-plus": {
        "mae_before": 0.32653061224489793,
        "mae_after": 0.39900041649312806,
        "n": 49
      },
      "qwen-max": {
        "mae_before": 0.24489795918367346,
        "mae_after": 0.3415243648479801,
        "n": 49
      }
    },
    "kimi-anchor-judge": {
      "deepseek-chat": {
        "mae_before": 0.0,
        "mae_after": 0.0,
        "n": 51
      },
      "doubao-pro-32k": {
        "mae_before": 0.0,
        "mae_after": 0.0,
        "n": 50
      },
      "glm-4-plus": {
        "mae_before": 0.0,
        "mae_after": 0.0,
        "n": 49
      },
      "qwen-max": {
        "mae_before": 0.0,
        "mae_after": 0.0,
        "n": 49
      }
    },
    "qwen-max-judge": {
      "deepseek-chat": {
        "mae_before": 0.5686274509803921,
        "mae_after": 0.5805459438677432,
        "n": 51
      },
      "doubao-pro-32k": {
        "mae_before": 0.38,
        "mae_after": 0.4592000000000003,
        "n": 50
      },
      "glm-4-plus": {
        "mae_before": 0.46938775510204084,
        "mae_after": 0.5106205747605165,
        "n": 49
      },
      "qwen-max": {
        "mae_before": 0.3469387755102041,
        "mae_after": 0.3527696793002918,
        "n": 49
      }
    }
  },
  "cv_eval": {
    "folds": [
      {
        "fold": 0,
        "n": 120,
        "mae_before": 0.43333333333333335,
        "mae_after": 0.5001371951219513
      },
      {
        "fold": 1,
        "n": 132,
        "mae_before": 0.4166666666666667,
        "mae_after": 0.50468449678976
      },
      {
        "fold": 2,
        "n": 111,
        "mae_before": 0.3963963963963964,
        "mae_after": 0.4424686882003955
      },
      {
        "fold": 3,
        "n": 120,
        "mae_before": 0.425,
        "mae_after": 0.5226383677298311
      },
      {
        "fold": 4,
        "n": 114,
        "mae_before": 0.7280701754385965,
        "mae_after": 0.7494627751367161
      }
    ],
    "summary": {
      "mae_before": 0.4798933143669986,
      "mae_after": 0.5438783045957307,
      "n_folds": 5
    }
  }
}