{
  "version": "v0.1",
  "method": "per_pair_offset",
  "metadata": {
    "n_judges": 3,
    "n_generators": 4
  },
  "offsets": {
    "deepseek-chat-judge": {
      "deepseek-chat": -0.06666666666666672,
      "doubao-pro-32k": -0.1666666666666667,
      "glm-4-plus": -0.1166666666666667,
      "qwen-max": -0.13675213675213677
    },
    "glm-4-plus-judge": {
      "deepseek-chat": 0.033333333333333284,
      "doubao-pro-32k": 0.05833333333333328,
      "glm-4-plus": 0.0833333333333333,
      "qwen-max": 0.06666666666666667
    },
    "qwen-max-judge": {
      "deepseek-chat": 0.033333333333333284,
      "doubao-pro-32k": 0.10833333333333328,
      "glm-4-plus": 0.033333333333333305,
      "qwen-max": 0.06666666666666667
    }
  }
}